,detector,n_features,codebook_size,n_neighbors,distance,train_accuracy,val_accuracy,std_train_accuracy,std_val_accuracy,train_f1_weighted,val_f1_weighted,std_train_f1_weighted,std_val_f1_weighted
0,akaze,100,128,5,euclidean,0.48041531196693077,0.2907404350537398,0.008953933304829973,0.03158018538151671,0.4673294626684271,0.2700264930929591,0.010742143352194476,0.03034726793296777
1,akaze,100,256,5,euclidean,0.4239142636363162,0.2485464583104068,0.007434278157802237,0.030622682418341596,0.4188386118316146,0.22244822470714506,0.008560239494785703,0.035785087055468984
2,akaze,200,128,5,euclidean,0.5271438752654392,0.32015975202670477,0.007535931103889931,0.027270717149325677,0.523424971104691,0.30242010801127983,0.00851619110412167,0.028615624262041218
3,akaze,200,256,5,euclidean,0.4294876922778572,0.2603054730200653,0.0012803497909240095,0.02871163337055255,0.4190260976550432,0.2311383291942487,0.0027277103455390066,0.03606402810104452
4,akaze,300,128,5,euclidean,0.5110330177526268,0.3287021752686988,0.006057732712026248,0.03795527376936692,0.5046773978094448,0.3144357547089532,0.0067505594981904105,0.03881868128091797
5,akaze,300,256,5,euclidean,0.43658825817500224,0.2640424966068743,0.004018365226886409,0.024576907124548863,0.42961470357372605,0.24071543997529865,0.004894221921648739,0.02824630693419218
