,detector,n_features,codebook_size,n_neighbors,distance,train_accuracy,val_accuracy,std_train_accuracy,std_val_accuracy,train_f1_weighted,val_f1_weighted,std_train_f1_weighted,std_val_f1_weighted
0,sift,100,64,7,euclidean,0.5478092788264448,0.4024567255679769,0.008280896581289637,0.018519794487519534,0.5387716305025414,0.3880543038779569,0.009025480502523124,0.020722318095586542
1,sift,100,128,7,euclidean,0.5398339716435163,0.37904120086548865,0.007729775734938526,0.02086229139941368,0.5349478073951599,0.3674853789946112,0.008178582651466128,0.024635606921344994
2,sift,200,64,7,euclidean,0.6305165049655239,0.4837968806346917,0.0055097705729039185,0.021701833839968435,0.6239486921159862,0.4761895007951026,0.005442625120572273,0.02602881681949057
3,sift,200,128,7,euclidean,0.6297562572248465,0.4938897403534079,0.006843109909378532,0.047912020595630364,0.6218301639553963,0.4818923026422418,0.007757718945080042,0.049126079354180896
4,akaze,100,64,7,euclidean,0.48186525091686977,0.32227816294339895,0.006044361308832358,0.03592318022184157,0.47334504799755434,0.30826030752697714,0.004674040929697212,0.03545350347714506
5,akaze,100,128,7,euclidean,0.4556765648320321,0.3153314258464473,0.00517329571558131,0.03280195555066443,0.44263185755466244,0.29031685296683263,0.007709590699274362,0.033527571305961006
6,akaze,200,64,7,euclidean,0.49041687457997785,0.3345782436447673,0.006311348115920861,0.02363837908350591,0.4833758034355562,0.32113187427143114,0.007200120688566871,0.021586294288004015
7,akaze,200,128,7,euclidean,0.487440357782447,0.3313937493122042,0.0065145589726279705,0.027128922533698356,0.48144437293741843,0.31216696939341015,0.0071535854426201875,0.027330523180500544
